[
	{
		ingredientPattern: "GGG,G G,GGG",
		ingredients: {
			"G": { type: "item", code: "game:ingot-*", name: "metal", allowedVariants: ["copper", "tinbronze", "bismuthbronze", "blackbronze", "silver", "gold", "iron", "lead", "steel"] }
		},
		width: 3,
		height: 3,
		output: { type: "block", code: "game:metalblock-new-plain-{metal}", quantity: 1  }
	},
	{
		ingredientPattern: "GGG,GGG,GGG",
		ingredients: {
			"G": { type: "item", code: "game:ingot-*", name: "metal", allowedVariants: ["copper", "brass", "tinbronze", "bismuthbronze", "blackbronze", "silver", "gold", "iron", "lead", "tin", "zinc", "bismuth", "chromium", "platinum", "titanium", "molybdochalkos", "meteoriciron", "steel", "uranium"] }
		},
		width: 3,
		height: 3,
		output: { type: "block", code: "game:metalblock-new-riveted-{metal}", quantity: 1  }
	},	
	{
		ingredientPattern: "C	B",		
		ingredients: {
			"C": { type: "item", code: "game:chisel-*", isTool: true},
			"B": { type: "item", code: "game:metalblock-new-plain-*",  name: "metal", allowedVariants: ["copper", "tinbronze", "bismuthbronze", "blackbronze", "silver", "gold", "iron", "lead", "steel"] }
		},
		width: 1,
		height: 2,
		output: { type: "item", code: "game:ingot-{metal}", quantity: 8 }
	},
	{
		ingredientPattern: "C	B",		
		ingredients: {
			"C": { type: "item", code: "game:chisel-*", isTool: true},
			"B": { type: "item", code: "game:metalblock-new-riveted-*",  name: "metal", allowedVariants: ["copper", "brass", "tinbronze", "bismuthbronze", "blackbronze", "silver", "gold", "iron", "lead", "tin", "zinc", "bismuth", "chromium", "platinum", "titanium", "molybdochalkos", "meteoriciron", "steel", "uranium"] }
		},
		width: 1,
		height: 2,
		output: { type: "item", code: "game:ingot-{metal}", quantity: 9 }
	}
]