{
	"editor": {
		"allAngles": false,
		"entityTextureMode": false
	},
	"textureWidth": 16,
	"textureHeight": 16,
	"textureSizes": {
	},
	"textures": {
		"other": "block/clay/ceramic",
		"floor": "block/clay/ceramic-dark"
	},
	"elements": [
		{
			"name": "Cube1",
			"from": [ 1.0, 0.0, 0.0 ], 
			"to": [ 15.0, 1.0, 15.0 ], 
			"rotationOrigin": [ 1.0, 0.0, -3.0 ],
			"faces": {
				"north": { "texture": "#other", "uv": [ 0.0, 0.0, 14.0, 1.0 ] },
				"east": { "texture": "#other", "uv": [ 0.0, 0.0, 15.0, 1.0 ] },
				"south": { "texture": "#other", "uv": [ 0.0, 0.0, 14.0, 1.0 ] },
				"west": { "texture": "#other", "uv": [ 0.0, 0.0, 15.0, 1.0 ] },
				"up": { "texture": "#other", "uv": [ 0.0, 0.0, 14.0, 15.0 ] },
				"down": { "texture": "#other", "uv": [ 0.0, 0.0, 14.0, 15.0 ] }
			},
			"children": [
				{
					"name": "Cube2",
					"from": [ 0.0, 1.0, 0.0 ], 
					"to": [ 10.0, 2.0, 1.0 ], 
					"rotationOrigin": [ 0.0, 1.0, 0.0 ],
					"faces": {
						"north": { "texture": "#other", "uv": [ 0.0, 0.0, 10.0, 1.0 ] },
						"east": { "texture": "#other", "uv": [ 0.0, 0.0, 1.0, 1.0 ] },
						"south": { "texture": "#other", "uv": [ 0.0, 0.0, 10.0, 1.0 ] },
						"west": { "texture": "#other", "uv": [ 0.0, 0.0, 1.0, 1.0 ] },
						"up": { "texture": "#other", "uv": [ 0.0, 0.0, 10.0, 1.0 ] },
						"down": { "texture": "#other", "uv": [ 0.0, 0.0, 10.0, 1.0 ] }
					}
				},
				{
					"name": "Cube3",
					"from": [ 0.0, 1.0, 1.0 ], 
					"to": [ 1.0, 2.0, 14.0 ], 
					"rotationOrigin": [ 0.0, 1.0, 1.0 ],
					"faces": {
						"north": { "texture": "#other", "uv": [ 0.0, 0.0, 1.0, 1.0 ] },
						"east": { "texture": "#other", "uv": [ 0.0, 0.0, 13.0, 1.0 ] },
						"south": { "texture": "#other", "uv": [ 0.0, 0.0, 1.0, 1.0 ] },
						"west": { "texture": "#other", "uv": [ 0.0, 0.0, 13.0, 1.0 ] },
						"up": { "texture": "#other", "uv": [ 0.0, 0.0, 1.0, 13.0 ] },
						"down": { "texture": "#other", "uv": [ 0.0, 0.0, 1.0, 13.0 ] }
					}
				},
				{
					"name": "Cube4",
					"from": [ 0.0, 1.0, 14.0 ], 
					"to": [ 10.0, 2.0, 15.0 ], 
					"rotationOrigin": [ 0.0, 1.0, 14.0 ],
					"faces": {
						"north": { "texture": "#other", "uv": [ 0.0, 0.0, 10.0, 1.0 ] },
						"east": { "texture": "#other", "uv": [ 0.0, 0.0, 1.0, 1.0 ] },
						"south": { "texture": "#other", "uv": [ 0.0, 0.0, 10.0, 1.0 ] },
						"west": { "texture": "#other", "uv": [ 0.0, 0.0, 1.0, 1.0 ] },
						"up": { "texture": "#other", "uv": [ 0.0, 0.0, 10.0, 1.0 ] },
						"down": { "texture": "#other", "uv": [ 0.0, 0.0, 10.0, 1.0 ] }
					}
				},
				{
					"name": "Cube5",
					"from": [ 10.0, 1.0, 0.0 ], 
					"to": [ 14.0, 2.0, 15.0 ], 
					"rotationOrigin": [ 10.0, 1.0, 0.0 ],
					"faces": {
						"north": { "texture": "#other", "uv": [ 0.0, 0.0, 4.0, 1.0 ] },
						"east": { "texture": "#other", "uv": [ 0.0, 0.0, 15.0, 1.0 ] },
						"south": { "texture": "#other", "uv": [ 0.0, 0.0, 4.0, 1.0 ] },
						"west": { "texture": "#other", "uv": [ 0.0, 0.0, 15.0, 1.0 ] },
						"up": { "texture": "#other", "uv": [ 0.0, 0.0, 4.0, 15.0 ] },
						"down": { "texture": "#other", "uv": [ 0.0, 0.0, 4.0, 15.0 ] }
					}
				},
				{
					"name": "Cube6",
					"from": [ 1.0, 1.0, 1.0 ], 
					"to": [ 2.0, 2.0, 2.0 ], 
					"rotationOrigin": [ 1.0, 1.0, 1.0 ],
					"faces": {
						"north": { "texture": "#other", "uv": [ 0.0, 0.0, 1.0, 1.0 ] },
						"east": { "texture": "#other", "uv": [ 0.0, 0.0, 1.0, 1.0 ] },
						"south": { "texture": "#other", "uv": [ 0.0, 0.0, 1.0, 1.0 ] },
						"west": { "texture": "#other", "uv": [ 0.0, 0.0, 1.0, 1.0 ] },
						"up": { "texture": "#other", "uv": [ 0.0, 0.0, 1.0, 1.0 ] },
						"down": { "texture": "#other", "uv": [ 0.0, 0.0, 1.0, 1.0 ] }
					},
					"children": [
						{
							"name": "Cube15",
							"from": [ 0.0, 0.0, 3.0 ], 
							"to": [ 1.0, 1.0, 4.0 ], 
							"rotationOrigin": [ 0.0, 0.0, 3.0 ],
							"faces": {
								"north": { "texture": "#other", "uv": [ 0.0, 0.0, 1.0, 1.0 ] },
								"east": { "texture": "#other", "uv": [ 0.0, 0.0, 1.0, 1.0 ] },
								"south": { "texture": "#other", "uv": [ 0.0, 0.0, 1.0, 1.0 ] },
								"west": { "texture": "#other", "uv": [ 0.0, 0.0, 1.0, 1.0 ] },
								"up": { "texture": "#other", "uv": [ 0.0, 0.0, 1.0, 1.0 ] },
								"down": { "texture": "#other", "uv": [ 0.0, 0.0, 1.0, 1.0 ] }
							},
							"children": [
								{
									"name": "Cube24",
									"from": [ 0.0, 0.0, 3.0 ], 
									"to": [ 1.0, 1.0, 4.0 ], 
									"rotationOrigin": [ 0.0, 0.0, 3.0 ],
									"faces": {
										"north": { "texture": "#other", "uv": [ 0.0, 0.0, 1.0, 1.0 ] },
										"east": { "texture": "#other", "uv": [ 0.0, 0.0, 1.0, 1.0 ] },
										"south": { "texture": "#other", "uv": [ 0.0, 0.0, 1.0, 1.0 ] },
										"west": { "texture": "#other", "uv": [ 0.0, 0.0, 1.0, 1.0 ] },
										"up": { "texture": "#other", "uv": [ 0.0, 0.0, 1.0, 1.0 ] },
										"down": { "texture": "#other", "uv": [ 0.0, 0.0, 1.0, 1.0 ] }
									},
									"children": [
										{
											"name": "Cube33",
											"from": [ 0.0, 0.0, 3.0 ], 
											"to": [ 1.0, 1.0, 4.0 ], 
											"rotationOrigin": [ 0.0, 0.0, 3.0 ],
											"faces": {
												"north": { "texture": "#other", "uv": [ 0.0, 0.0, 1.0, 1.0 ] },
												"east": { "texture": "#other", "uv": [ 0.0, 0.0, 1.0, 1.0 ] },
												"south": { "texture": "#other", "uv": [ 0.0, 0.0, 1.0, 1.0 ] },
												"west": { "texture": "#other", "uv": [ 0.0, 0.0, 1.0, 1.0 ] },
												"up": { "texture": "#other", "uv": [ 0.0, 0.0, 1.0, 1.0 ] },
												"down": { "texture": "#other", "uv": [ 0.0, 0.0, 1.0, 1.0 ] }
											},
											"children": [
												{
													"name": "Cube42",
													"from": [ 0.0, 0.0, 3.0 ], 
													"to": [ 1.0, 1.0, 4.0 ], 
													"rotationOrigin": [ 0.0, 0.0, 3.0 ],
													"faces": {
														"north": { "texture": "#other", "uv": [ 0.0, 0.0, 1.0, 1.0 ] },
														"east": { "texture": "#other", "uv": [ 0.0, 0.0, 1.0, 1.0 ] },
														"south": { "texture": "#other", "uv": [ 0.0, 0.0, 1.0, 1.0 ] },
														"west": { "texture": "#other", "uv": [ 0.0, 0.0, 1.0, 1.0 ] },
														"up": { "texture": "#other", "uv": [ 0.0, 0.0, 1.0, 1.0 ] },
														"down": { "texture": "#other", "uv": [ 0.0, 0.0, 1.0, 1.0 ] }
													}
												}
											]
										}
									]
								}
							]
						}
					]
				},
				{
					"name": "Cube7",
					"from": [ 3.0, 1.0, 1.0 ], 
					"to": [ 4.0, 2.0, 2.0 ], 
					"rotationOrigin": [ 3.0, 1.0, 1.0 ],
					"faces": {
						"north": { "texture": "#other", "uv": [ 0.0, 0.0, 1.0, 1.0 ] },
						"east": { "texture": "#other", "uv": [ 0.0, 0.0, 1.0, 1.0 ] },
						"south": { "texture": "#other", "uv": [ 0.0, 0.0, 1.0, 1.0 ] },
						"west": { "texture": "#other", "uv": [ 0.0, 0.0, 1.0, 1.0 ] },
						"up": { "texture": "#other", "uv": [ 0.0, 0.0, 1.0, 1.0 ] },
						"down": { "texture": "#other", "uv": [ 0.0, 0.0, 1.0, 1.0 ] }
					},
					"children": [
						{
							"name": "Cube16",
							"from": [ 0.0, 0.0, 3.0 ], 
							"to": [ 1.0, 1.0, 4.0 ], 
							"rotationOrigin": [ 0.0, 0.0, 3.0 ],
							"faces": {
								"north": { "texture": "#other", "uv": [ 0.0, 0.0, 1.0, 1.0 ] },
								"east": { "texture": "#other", "uv": [ 0.0, 0.0, 1.0, 1.0 ] },
								"south": { "texture": "#other", "uv": [ 0.0, 0.0, 1.0, 1.0 ] },
								"west": { "texture": "#other", "uv": [ 0.0, 0.0, 1.0, 1.0 ] },
								"up": { "texture": "#other", "uv": [ 0.0, 0.0, 1.0, 1.0 ] },
								"down": { "texture": "#other", "uv": [ 0.0, 0.0, 1.0, 1.0 ] }
							},
							"children": [
								{
									"name": "Cube25",
									"from": [ 0.0, 0.0, 3.0 ], 
									"to": [ 1.0, 1.0, 4.0 ], 
									"rotationOrigin": [ 0.0, 0.0, 3.0 ],
									"faces": {
										"north": { "texture": "#other", "uv": [ 0.0, 0.0, 1.0, 1.0 ] },
										"east": { "texture": "#other", "uv": [ 0.0, 0.0, 1.0, 1.0 ] },
										"south": { "texture": "#other", "uv": [ 0.0, 0.0, 1.0, 1.0 ] },
										"west": { "texture": "#other", "uv": [ 0.0, 0.0, 1.0, 1.0 ] },
										"up": { "texture": "#other", "uv": [ 0.0, 0.0, 1.0, 1.0 ] },
										"down": { "texture": "#other", "uv": [ 0.0, 0.0, 1.0, 1.0 ] }
									},
									"children": [
										{
											"name": "Cube34",
											"from": [ 0.0, 0.0, 3.0 ], 
											"to": [ 1.0, 1.0, 4.0 ], 
											"rotationOrigin": [ 0.0, 0.0, 3.0 ],
											"faces": {
												"north": { "texture": "#other", "uv": [ 0.0, 0.0, 1.0, 1.0 ] },
												"east": { "texture": "#other", "uv": [ 0.0, 0.0, 1.0, 1.0 ] },
												"south": { "texture": "#other", "uv": [ 0.0, 0.0, 1.0, 1.0 ] },
												"west": { "texture": "#other", "uv": [ 0.0, 0.0, 1.0, 1.0 ] },
												"up": { "texture": "#other", "uv": [ 0.0, 0.0, 1.0, 1.0 ] },
												"down": { "texture": "#other", "uv": [ 0.0, 0.0, 1.0, 1.0 ] }
											},
											"children": [
												{
													"name": "Cube41",
													"from": [ 0.0, 0.0, 3.0 ], 
													"to": [ 1.0, 1.0, 4.0 ], 
													"rotationOrigin": [ 0.0, 0.0, 3.0 ],
													"faces": {
														"north": { "texture": "#other", "uv": [ 0.0, 0.0, 1.0, 1.0 ] },
														"east": { "texture": "#other", "uv": [ 0.0, 0.0, 1.0, 1.0 ] },
														"south": { "texture": "#other", "uv": [ 0.0, 0.0, 1.0, 1.0 ] },
														"west": { "texture": "#other", "uv": [ 0.0, 0.0, 1.0, 1.0 ] },
														"up": { "texture": "#other", "uv": [ 0.0, 0.0, 1.0, 1.0 ] },
														"down": { "texture": "#other", "uv": [ 0.0, 0.0, 1.0, 1.0 ] }
													}
												}
											]
										}
									]
								}
							]
						}
					]
				},
				{
					"name": "Cube8",
					"from": [ 5.0, 1.0, 1.0 ], 
					"to": [ 6.0, 2.0, 2.0 ], 
					"rotationOrigin": [ 5.0, 1.0, 1.0 ],
					"faces": {
						"north": { "texture": "#other", "uv": [ 0.0, 0.0, 1.0, 1.0 ] },
						"east": { "texture": "#other", "uv": [ 0.0, 0.0, 1.0, 1.0 ] },
						"south": { "texture": "#other", "uv": [ 0.0, 0.0, 1.0, 1.0 ] },
						"west": { "texture": "#other", "uv": [ 0.0, 0.0, 1.0, 1.0 ] },
						"up": { "texture": "#other", "uv": [ 0.0, 0.0, 1.0, 1.0 ] },
						"down": { "texture": "#other", "uv": [ 0.0, 0.0, 1.0, 1.0 ] }
					},
					"children": [
						{
							"name": "Cube17",
							"from": [ 0.0, 0.0, 3.0 ], 
							"to": [ 1.0, 1.0, 4.0 ], 
							"rotationOrigin": [ 0.0, 0.0, 3.0 ],
							"faces": {
								"north": { "texture": "#other", "uv": [ 0.0, 0.0, 1.0, 1.0 ] },
								"east": { "texture": "#other", "uv": [ 0.0, 0.0, 1.0, 1.0 ] },
								"south": { "texture": "#other", "uv": [ 0.0, 0.0, 1.0, 1.0 ] },
								"west": { "texture": "#other", "uv": [ 0.0, 0.0, 1.0, 1.0 ] },
								"up": { "texture": "#other", "uv": [ 0.0, 0.0, 1.0, 1.0 ] },
								"down": { "texture": "#other", "uv": [ 0.0, 0.0, 1.0, 1.0 ] }
							},
							"children": [
								{
									"name": "Cube26",
									"from": [ 0.0, 0.0, 3.0 ], 
									"to": [ 1.0, 1.0, 4.0 ], 
									"rotationOrigin": [ 0.0, 0.0, 3.0 ],
									"faces": {
										"north": { "texture": "#other", "uv": [ 0.0, 0.0, 1.0, 1.0 ] },
										"east": { "texture": "#other", "uv": [ 0.0, 0.0, 1.0, 1.0 ] },
										"south": { "texture": "#other", "uv": [ 0.0, 0.0, 1.0, 1.0 ] },
										"west": { "texture": "#other", "uv": [ 0.0, 0.0, 1.0, 1.0 ] },
										"up": { "texture": "#other", "uv": [ 0.0, 0.0, 1.0, 1.0 ] },
										"down": { "texture": "#other", "uv": [ 0.0, 0.0, 1.0, 1.0 ] }
									},
									"children": [
										{
											"name": "Cube35",
											"from": [ 0.0, 0.0, 3.0 ], 
											"to": [ 1.0, 1.0, 4.0 ], 
											"rotationOrigin": [ 0.0, 0.0, 3.0 ],
											"faces": {
												"north": { "texture": "#other", "uv": [ 0.0, 0.0, 1.0, 1.0 ] },
												"east": { "texture": "#other", "uv": [ 0.0, 0.0, 1.0, 1.0 ] },
												"south": { "texture": "#other", "uv": [ 0.0, 0.0, 1.0, 1.0 ] },
												"west": { "texture": "#other", "uv": [ 0.0, 0.0, 1.0, 1.0 ] },
												"up": { "texture": "#other", "uv": [ 0.0, 0.0, 1.0, 1.0 ] },
												"down": { "texture": "#other", "uv": [ 0.0, 0.0, 1.0, 1.0 ] }
											},
											"children": [
												{
													"name": "Cube40",
													"from": [ 0.0, 0.0, 3.0 ], 
													"to": [ 1.0, 1.0, 4.0 ], 
													"rotationOrigin": [ 0.0, 0.0, 3.0 ],
													"faces": {
														"north": { "texture": "#other", "uv": [ 0.0, 0.0, 1.0, 1.0 ] },
														"east": { "texture": "#other", "uv": [ 0.0, 0.0, 1.0, 1.0 ] },
														"south": { "texture": "#other", "uv": [ 0.0, 0.0, 1.0, 1.0 ] },
														"west": { "texture": "#other", "uv": [ 0.0, 0.0, 1.0, 1.0 ] },
														"up": { "texture": "#other", "uv": [ 0.0, 0.0, 1.0, 1.0 ] },
														"down": { "texture": "#other", "uv": [ 0.0, 0.0, 1.0, 1.0 ] }
													}
												}
											]
										}
									]
								}
							]
						}
					]
				},
				{
					"name": "Cube9",
					"from": [ 9.0, 1.0, 1.0 ], 
					"to": [ 10.0, 2.0, 2.0 ], 
					"rotationOrigin": [ 9.0, 1.0, 1.0 ],
					"faces": {
						"north": { "texture": "#other", "uv": [ 0.0, 0.0, 1.0, 1.0 ] },
						"east": { "texture": "#other", "uv": [ 0.0, 0.0, 1.0, 1.0 ] },
						"south": { "texture": "#other", "uv": [ 0.0, 0.0, 1.0, 1.0 ] },
						"west": { "texture": "#other", "uv": [ 0.0, 0.0, 1.0, 1.0 ] },
						"up": { "texture": "#other", "uv": [ 0.0, 0.0, 1.0, 1.0 ] },
						"down": { "texture": "#other", "uv": [ 0.0, 0.0, 1.0, 1.0 ] }
					},
					"children": [
						{
							"name": "Cube18",
							"from": [ 0.0, 0.0, 3.0 ], 
							"to": [ 1.0, 1.0, 4.0 ], 
							"rotationOrigin": [ 0.0, 0.0, 3.0 ],
							"faces": {
								"north": { "texture": "#other", "uv": [ 0.0, 0.0, 1.0, 1.0 ] },
								"east": { "texture": "#other", "uv": [ 0.0, 0.0, 1.0, 1.0 ] },
								"south": { "texture": "#other", "uv": [ 0.0, 0.0, 1.0, 1.0 ] },
								"west": { "texture": "#other", "uv": [ 0.0, 0.0, 1.0, 1.0 ] },
								"up": { "texture": "#other", "uv": [ 0.0, 0.0, 1.0, 1.0 ] },
								"down": { "texture": "#other", "uv": [ 0.0, 0.0, 1.0, 1.0 ] }
							},
							"children": [
								{
									"name": "Cube27",
									"from": [ 0.0, 0.0, 3.0 ], 
									"to": [ 1.0, 1.0, 4.0 ], 
									"rotationOrigin": [ 0.0, 0.0, 3.0 ],
									"faces": {
										"north": { "texture": "#other", "uv": [ 0.0, 0.0, 1.0, 1.0 ] },
										"east": { "texture": "#other", "uv": [ 0.0, 0.0, 1.0, 1.0 ] },
										"south": { "texture": "#other", "uv": [ 0.0, 0.0, 1.0, 1.0 ] },
										"west": { "texture": "#other", "uv": [ 0.0, 0.0, 1.0, 1.0 ] },
										"up": { "texture": "#other", "uv": [ 0.0, 0.0, 1.0, 1.0 ] },
										"down": { "texture": "#other", "uv": [ 0.0, 0.0, 1.0, 1.0 ] }
									},
									"children": [
										{
											"name": "Cube36",
											"from": [ 0.0, 0.0, 3.0 ], 
											"to": [ 1.0, 1.0, 4.0 ], 
											"rotationOrigin": [ 0.0, 0.0, 3.0 ],
											"faces": {
												"north": { "texture": "#other", "uv": [ 0.0, 0.0, 1.0, 1.0 ] },
												"east": { "texture": "#other", "uv": [ 0.0, 0.0, 1.0, 1.0 ] },
												"south": { "texture": "#other", "uv": [ 0.0, 0.0, 1.0, 1.0 ] },
												"west": { "texture": "#other", "uv": [ 0.0, 0.0, 1.0, 1.0 ] },
												"up": { "texture": "#other", "uv": [ 0.0, 0.0, 1.0, 1.0 ] },
												"down": { "texture": "#other", "uv": [ 0.0, 0.0, 1.0, 1.0 ] }
											},
											"children": [
												{
													"name": "Cube39",
													"from": [ 0.0, 0.0, 3.0 ], 
													"to": [ 1.0, 1.0, 4.0 ], 
													"rotationOrigin": [ 0.0, 0.0, 3.0 ],
													"faces": {
														"north": { "texture": "#other", "uv": [ 0.0, 0.0, 1.0, 1.0 ] },
														"east": { "texture": "#other", "uv": [ 0.0, 0.0, 1.0, 1.0 ] },
														"south": { "texture": "#other", "uv": [ 0.0, 0.0, 1.0, 1.0 ] },
														"west": { "texture": "#other", "uv": [ 0.0, 0.0, 1.0, 1.0 ] },
														"up": { "texture": "#other", "uv": [ 0.0, 0.0, 1.0, 1.0 ] },
														"down": { "texture": "#other", "uv": [ 0.0, 0.0, 1.0, 1.0 ] }
													}
												}
											]
										}
									]
								}
							]
						}
					]
				},
				{
					"name": "Cube10",
					"from": [ 7.0, 1.0, 1.0 ], 
					"to": [ 8.0, 2.0, 2.0 ], 
					"rotationOrigin": [ 7.0, 1.0, 1.0 ],
					"faces": {
						"north": { "texture": "#other", "uv": [ 0.0, 0.0, 1.0, 1.0 ] },
						"east": { "texture": "#other", "uv": [ 0.0, 0.0, 1.0, 1.0 ] },
						"south": { "texture": "#other", "uv": [ 0.0, 0.0, 1.0, 1.0 ] },
						"west": { "texture": "#other", "uv": [ 0.0, 0.0, 1.0, 1.0 ] },
						"up": { "texture": "#other", "uv": [ 0.0, 0.0, 1.0, 1.0 ] },
						"down": { "texture": "#other", "uv": [ 0.0, 0.0, 1.0, 1.0 ] }
					},
					"children": [
						{
							"name": "Cube19",
							"from": [ 0.0, 0.0, 3.0 ], 
							"to": [ 1.0, 1.0, 4.0 ], 
							"rotationOrigin": [ 0.0, 0.0, 3.0 ],
							"faces": {
								"north": { "texture": "#other", "uv": [ 0.0, 0.0, 1.0, 1.0 ] },
								"east": { "texture": "#other", "uv": [ 0.0, 0.0, 1.0, 1.0 ] },
								"south": { "texture": "#other", "uv": [ 0.0, 0.0, 1.0, 1.0 ] },
								"west": { "texture": "#other", "uv": [ 0.0, 0.0, 1.0, 1.0 ] },
								"up": { "texture": "#other", "uv": [ 0.0, 0.0, 1.0, 1.0 ] },
								"down": { "texture": "#other", "uv": [ 0.0, 0.0, 1.0, 1.0 ] }
							},
							"children": [
								{
									"name": "Cube28",
									"from": [ 0.0, 0.0, 3.0 ], 
									"to": [ 1.0, 1.0, 4.0 ], 
									"rotationOrigin": [ 0.0, 0.0, 3.0 ],
									"faces": {
										"north": { "texture": "#other", "uv": [ 0.0, 0.0, 1.0, 1.0 ] },
										"east": { "texture": "#other", "uv": [ 0.0, 0.0, 1.0, 1.0 ] },
										"south": { "texture": "#other", "uv": [ 0.0, 0.0, 1.0, 1.0 ] },
										"west": { "texture": "#other", "uv": [ 0.0, 0.0, 1.0, 1.0 ] },
										"up": { "texture": "#other", "uv": [ 0.0, 0.0, 1.0, 1.0 ] },
										"down": { "texture": "#other", "uv": [ 0.0, 0.0, 1.0, 1.0 ] }
									},
									"children": [
										{
											"name": "Cube37",
											"from": [ 0.0, 0.0, 3.0 ], 
											"to": [ 1.0, 1.0, 4.0 ], 
											"rotationOrigin": [ 0.0, 0.0, 3.0 ],
											"faces": {
												"north": { "texture": "#other", "uv": [ 0.0, 0.0, 1.0, 1.0 ] },
												"east": { "texture": "#other", "uv": [ 0.0, 0.0, 1.0, 1.0 ] },
												"south": { "texture": "#other", "uv": [ 0.0, 0.0, 1.0, 1.0 ] },
												"west": { "texture": "#other", "uv": [ 0.0, 0.0, 1.0, 1.0 ] },
												"up": { "texture": "#other", "uv": [ 0.0, 0.0, 1.0, 1.0 ] },
												"down": { "texture": "#other", "uv": [ 0.0, 0.0, 1.0, 1.0 ] }
											},
											"children": [
												{
													"name": "Cube38",
													"from": [ 0.0, 0.0, 3.0 ], 
													"to": [ 1.0, 1.0, 4.0 ], 
													"rotationOrigin": [ 0.0, 0.0, 3.0 ],
													"faces": {
														"north": { "texture": "#other", "uv": [ 0.0, 0.0, 1.0, 1.0 ] },
														"east": { "texture": "#other", "uv": [ 0.0, 0.0, 1.0, 1.0 ] },
														"south": { "texture": "#other", "uv": [ 0.0, 0.0, 1.0, 1.0 ] },
														"west": { "texture": "#other", "uv": [ 0.0, 0.0, 1.0, 1.0 ] },
														"up": { "texture": "#other", "uv": [ 0.0, 0.0, 1.0, 1.0 ] },
														"down": { "texture": "#other", "uv": [ 0.0, 0.0, 1.0, 1.0 ] }
													}
												}
											]
										}
									]
								}
							]
						}
					]
				},
				{
					"name": "Cube11",
					"from": [ 2.0, 1.0, 2.0 ], 
					"to": [ 3.0, 2.0, 4.0 ], 
					"rotationOrigin": [ 2.0, 1.0, 2.0 ],
					"faces": {
						"north": { "texture": "#other", "uv": [ 0.0, 0.0, 1.0, 1.0 ] },
						"east": { "texture": "#other", "uv": [ 0.0, 0.0, 2.0, 1.0 ] },
						"south": { "texture": "#other", "uv": [ 0.0, 0.0, 1.0, 1.0 ] },
						"west": { "texture": "#other", "uv": [ 0.0, 0.0, 2.0, 1.0 ] },
						"up": { "texture": "#other", "uv": [ 0.0, 0.0, 1.0, 2.0 ] },
						"down": { "texture": "#other", "uv": [ 0.0, 0.0, 1.0, 2.0 ] }
					},
					"children": [
						{
							"name": "Cube12",
							"from": [ 2.0, 0.0, 0.0 ], 
							"to": [ 3.0, 1.0, 2.0 ], 
							"rotationOrigin": [ 2.0, 0.0, 0.0 ],
							"faces": {
								"north": { "texture": "#other", "uv": [ 0.0, 0.0, 1.0, 1.0 ] },
								"east": { "texture": "#other", "uv": [ 0.0, 0.0, 2.0, 1.0 ] },
								"south": { "texture": "#other", "uv": [ 0.0, 0.0, 1.0, 1.0 ] },
								"west": { "texture": "#other", "uv": [ 0.0, 0.0, 2.0, 1.0 ] },
								"up": { "texture": "#other", "uv": [ 0.0, 0.0, 1.0, 2.0 ] },
								"down": { "texture": "#other", "uv": [ 0.0, 0.0, 1.0, 2.0 ] }
							},
							"children": [
								{
									"name": "Cube13",
									"from": [ 2.0, 0.0, 0.0 ], 
									"to": [ 3.0, 1.0, 2.0 ], 
									"rotationOrigin": [ 2.0, 0.0, 0.0 ],
									"faces": {
										"north": { "texture": "#other", "uv": [ 0.0, 0.0, 1.0, 1.0 ] },
										"east": { "texture": "#other", "uv": [ 0.0, 0.0, 2.0, 1.0 ] },
										"south": { "texture": "#other", "uv": [ 0.0, 0.0, 1.0, 1.0 ] },
										"west": { "texture": "#other", "uv": [ 0.0, 0.0, 2.0, 1.0 ] },
										"up": { "texture": "#other", "uv": [ 0.0, 0.0, 1.0, 2.0 ] },
										"down": { "texture": "#other", "uv": [ 0.0, 0.0, 1.0, 2.0 ] }
									},
									"children": [
										{
											"name": "Cube14",
											"from": [ 2.0, 0.0, 0.0 ], 
											"to": [ 3.0, 1.0, 2.0 ], 
											"rotationOrigin": [ 2.0, 0.0, 0.0 ],
											"faces": {
												"north": { "texture": "#other", "uv": [ 0.0, 0.0, 1.0, 1.0 ] },
												"east": { "texture": "#other", "uv": [ 0.0, 0.0, 2.0, 1.0 ] },
												"south": { "texture": "#other", "uv": [ 0.0, 0.0, 1.0, 1.0 ] },
												"west": { "texture": "#other", "uv": [ 0.0, 0.0, 2.0, 1.0 ] },
												"up": { "texture": "#other", "uv": [ 0.0, 0.0, 1.0, 2.0 ] },
												"down": { "texture": "#other", "uv": [ 0.0, 0.0, 1.0, 2.0 ] }
											},
											"children": [
												{
													"name": "Cube23",
													"from": [ 0.0, 0.0, 3.0 ], 
													"to": [ 1.0, 1.0, 5.0 ], 
													"rotationOrigin": [ 0.0, 0.0, 3.0 ],
													"faces": {
														"north": { "texture": "#other", "uv": [ 0.0, 0.0, 1.0, 1.0 ] },
														"east": { "texture": "#other", "uv": [ 0.0, 0.0, 2.0, 1.0 ] },
														"south": { "texture": "#other", "uv": [ 0.0, 0.0, 1.0, 1.0 ] },
														"west": { "texture": "#other", "uv": [ 0.0, 0.0, 2.0, 1.0 ] },
														"up": { "texture": "#other", "uv": [ 0.0, 0.0, 1.0, 2.0 ] },
														"down": { "texture": "#other", "uv": [ 0.0, 0.0, 1.0, 2.0 ] }
													},
													"children": [
														{
															"name": "Cube29",
															"from": [ 0.0, 0.0, 3.0 ], 
															"to": [ 1.0, 1.0, 5.0 ], 
															"rotationOrigin": [ 0.0, 0.0, 3.0 ],
															"faces": {
																"north": { "texture": "#other", "uv": [ 0.0, 0.0, 1.0, 1.0 ] },
																"east": { "texture": "#other", "uv": [ 0.0, 0.0, 2.0, 1.0 ] },
																"south": { "texture": "#other", "uv": [ 0.0, 0.0, 1.0, 1.0 ] },
																"west": { "texture": "#other", "uv": [ 0.0, 0.0, 2.0, 1.0 ] },
																"up": { "texture": "#other", "uv": [ 0.0, 0.0, 1.0, 2.0 ] },
																"down": { "texture": "#other", "uv": [ 0.0, 0.0, 1.0, 2.0 ] }
															},
															"children": [
																{
																	"name": "Cube46",
																	"from": [ 0.0, 0.0, 3.0 ], 
																	"to": [ 1.0, 1.0, 5.0 ], 
																	"rotationOrigin": [ 0.0, 0.0, 3.0 ],
																	"faces": {
																		"north": { "texture": "#other", "uv": [ 0.0, 0.0, 1.0, 1.0 ] },
																		"east": { "texture": "#other", "uv": [ 0.0, 0.0, 2.0, 1.0 ] },
																		"south": { "texture": "#other", "uv": [ 0.0, 0.0, 1.0, 1.0 ] },
																		"west": { "texture": "#other", "uv": [ 0.0, 0.0, 2.0, 1.0 ] },
																		"up": { "texture": "#other", "uv": [ 0.0, 0.0, 1.0, 2.0 ] },
																		"down": { "texture": "#other", "uv": [ 0.0, 0.0, 1.0, 2.0 ] }
																	}
																}
															]
														}
													]
												}
											]
										},
										{
											"name": "Cube22",
											"from": [ 0.0, 0.0, 3.0 ], 
											"to": [ 1.0, 1.0, 5.0 ], 
											"rotationOrigin": [ 0.0, 0.0, 3.0 ],
											"faces": {
												"north": { "texture": "#other", "uv": [ 0.0, 0.0, 1.0, 1.0 ] },
												"east": { "texture": "#other", "uv": [ 0.0, 0.0, 2.0, 1.0 ] },
												"south": { "texture": "#other", "uv": [ 0.0, 0.0, 1.0, 1.0 ] },
												"west": { "texture": "#other", "uv": [ 0.0, 0.0, 2.0, 1.0 ] },
												"up": { "texture": "#other", "uv": [ 0.0, 0.0, 1.0, 2.0 ] },
												"down": { "texture": "#other", "uv": [ 0.0, 0.0, 1.0, 2.0 ] }
											},
											"children": [
												{
													"name": "Cube30",
													"from": [ 0.0, 0.0, 3.0 ], 
													"to": [ 1.0, 1.0, 5.0 ], 
													"rotationOrigin": [ 0.0, 0.0, 3.0 ],
													"faces": {
														"north": { "texture": "#other", "uv": [ 0.0, 0.0, 1.0, 1.0 ] },
														"east": { "texture": "#other", "uv": [ 0.0, 0.0, 2.0, 1.0 ] },
														"south": { "texture": "#other", "uv": [ 0.0, 0.0, 1.0, 1.0 ] },
														"west": { "texture": "#other", "uv": [ 0.0, 0.0, 2.0, 1.0 ] },
														"up": { "texture": "#other", "uv": [ 0.0, 0.0, 1.0, 2.0 ] },
														"down": { "texture": "#other", "uv": [ 0.0, 0.0, 1.0, 2.0 ] }
													},
													"children": [
														{
															"name": "Cube45",
															"from": [ 0.0, 0.0, 3.0 ], 
															"to": [ 1.0, 1.0, 5.0 ], 
															"rotationOrigin": [ 0.0, 0.0, 3.0 ],
															"faces": {
																"north": { "texture": "#other", "uv": [ 0.0, 0.0, 1.0, 1.0 ] },
																"east": { "texture": "#other", "uv": [ 0.0, 0.0, 2.0, 1.0 ] },
																"south": { "texture": "#other", "uv": [ 0.0, 0.0, 1.0, 1.0 ] },
																"west": { "texture": "#other", "uv": [ 0.0, 0.0, 2.0, 1.0 ] },
																"up": { "texture": "#other", "uv": [ 0.0, 0.0, 1.0, 2.0 ] },
																"down": { "texture": "#other", "uv": [ 0.0, 0.0, 1.0, 2.0 ] }
															}
														}
													]
												}
											]
										}
									]
								},
								{
									"name": "Cube21",
									"from": [ 0.0, 0.0, 3.0 ], 
									"to": [ 1.0, 1.0, 5.0 ], 
									"rotationOrigin": [ 0.0, 0.0, 3.0 ],
									"faces": {
										"north": { "texture": "#other", "uv": [ 0.0, 0.0, 1.0, 1.0 ] },
										"east": { "texture": "#other", "uv": [ 0.0, 0.0, 2.0, 1.0 ] },
										"south": { "texture": "#other", "uv": [ 0.0, 0.0, 1.0, 1.0 ] },
										"west": { "texture": "#other", "uv": [ 0.0, 0.0, 2.0, 1.0 ] },
										"up": { "texture": "#other", "uv": [ 0.0, 0.0, 1.0, 2.0 ] },
										"down": { "texture": "#other", "uv": [ 0.0, 0.0, 1.0, 2.0 ] }
									},
									"children": [
										{
											"name": "Cube31",
											"from": [ 0.0, 0.0, 3.0 ], 
											"to": [ 1.0, 1.0, 5.0 ], 
											"rotationOrigin": [ 0.0, 0.0, 3.0 ],
											"faces": {
												"north": { "texture": "#other", "uv": [ 0.0, 0.0, 1.0, 1.0 ] },
												"east": { "texture": "#other", "uv": [ 0.0, 0.0, 2.0, 1.0 ] },
												"south": { "texture": "#other", "uv": [ 0.0, 0.0, 1.0, 1.0 ] },
												"west": { "texture": "#other", "uv": [ 0.0, 0.0, 2.0, 1.0 ] },
												"up": { "texture": "#other", "uv": [ 0.0, 0.0, 1.0, 2.0 ] },
												"down": { "texture": "#other", "uv": [ 0.0, 0.0, 1.0, 2.0 ] }
											},
											"children": [
												{
													"name": "Cube44",
													"from": [ 0.0, 0.0, 3.0 ], 
													"to": [ 1.0, 1.0, 5.0 ], 
													"rotationOrigin": [ 0.0, 0.0, 3.0 ],
													"faces": {
														"north": { "texture": "#other", "uv": [ 0.0, 0.0, 1.0, 1.0 ] },
														"east": { "texture": "#other", "uv": [ 0.0, 0.0, 2.0, 1.0 ] },
														"south": { "texture": "#other", "uv": [ 0.0, 0.0, 1.0, 1.0 ] },
														"west": { "texture": "#other", "uv": [ 0.0, 0.0, 2.0, 1.0 ] },
														"up": { "texture": "#other", "uv": [ 0.0, 0.0, 1.0, 2.0 ] },
														"down": { "texture": "#other", "uv": [ 0.0, 0.0, 1.0, 2.0 ] }
													}
												}
											]
										}
									]
								}
							]
						},
						{
							"name": "Cube20",
							"from": [ 0.0, 0.0, 3.0 ], 
							"to": [ 1.0, 1.0, 5.0 ], 
							"rotationOrigin": [ 0.0, 0.0, 3.0 ],
							"faces": {
								"north": { "texture": "#other", "uv": [ 0.0, 0.0, 1.0, 1.0 ] },
								"east": { "texture": "#other", "uv": [ 0.0, 0.0, 2.0, 1.0 ] },
								"south": { "texture": "#other", "uv": [ 0.0, 0.0, 1.0, 1.0 ] },
								"west": { "texture": "#other", "uv": [ 0.0, 0.0, 2.0, 1.0 ] },
								"up": { "texture": "#other", "uv": [ 0.0, 0.0, 1.0, 2.0 ] },
								"down": { "texture": "#other", "uv": [ 0.0, 0.0, 1.0, 2.0 ] }
							},
							"children": [
								{
									"name": "Cube32",
									"from": [ 0.0, 0.0, 3.0 ], 
									"to": [ 1.0, 1.0, 5.0 ], 
									"rotationOrigin": [ 0.0, 0.0, 3.0 ],
									"faces": {
										"north": { "texture": "#other", "uv": [ 0.0, 0.0, 1.0, 1.0 ] },
										"east": { "texture": "#other", "uv": [ 0.0, 0.0, 2.0, 1.0 ] },
										"south": { "texture": "#other", "uv": [ 0.0, 0.0, 1.0, 1.0 ] },
										"west": { "texture": "#other", "uv": [ 0.0, 0.0, 2.0, 1.0 ] },
										"up": { "texture": "#other", "uv": [ 0.0, 0.0, 1.0, 2.0 ] },
										"down": { "texture": "#other", "uv": [ 0.0, 0.0, 1.0, 2.0 ] }
									},
									"children": [
										{
											"name": "Cube43",
											"from": [ 0.0, 0.0, 3.0 ], 
											"to": [ 1.0, 1.0, 5.0 ], 
											"rotationOrigin": [ 0.0, 0.0, 3.0 ],
											"faces": {
												"north": { "texture": "#other", "uv": [ 0.0, 0.0, 1.0, 1.0 ] },
												"east": { "texture": "#other", "uv": [ 0.0, 0.0, 2.0, 1.0 ] },
												"south": { "texture": "#other", "uv": [ 0.0, 0.0, 1.0, 1.0 ] },
												"west": { "texture": "#other", "uv": [ 0.0, 0.0, 2.0, 1.0 ] },
												"up": { "texture": "#other", "uv": [ 0.0, 0.0, 1.0, 2.0 ] },
												"down": { "texture": "#other", "uv": [ 0.0, 0.0, 1.0, 2.0 ] }
											}
										}
									]
								}
							]
						}
					]
				}
			]
		}
	]}