{
	"editor": {
		"allAngles": false,
		"entityTextureMode": false
	},
	"textureWidth": 16,
	"textureHeight": 16,
	"textureSizes": {
	},
	"textures": {
		"ceramic": "block/clay/ceramic"
	},
	"elements": [
		{
			"name": "Base",
			"from": [ 1.0, 0.0, 1.0 ], 
			"to": [ 15.0, 1.0, 15.0 ], 
			"rotationOrigin": [ 1.0, 0.0, 1.0 ],
			"faces": {
				"north": { "texture": "#ceramic", "uv": [ 0.0, 0.0, 14.0, 1.0 ] },
				"east": { "texture": "#ceramic", "uv": [ 0.0, 0.0, 14.0, 1.0 ] },
				"south": { "texture": "#ceramic", "uv": [ 0.0, 0.0, 14.0, 1.0 ] },
				"west": { "texture": "#ceramic", "uv": [ 0.0, 0.0, 14.0, 1.0 ] },
				"up": { "texture": "#ceramic", "uv": [ 0.0, 0.0, 14.0, 14.0 ] },
				"down": { "texture": "#ceramic", "uv": [ 0.0, 0.0, 14.0, 14.0 ] }
			},
			"children": [
				{
					"name": "NFace",
					"from": [ 0.0, 1.0, 0.0 ], 
					"to": [ 14.0, 16.0, 1.0 ], 
					"rotationOrigin": [ 0.0, 1.0, 0.0 ],
					"faces": {
						"north": { "texture": "#ceramic", "uv": [ 0.0, 0.0, 14.0, 15.0 ] },
						"east": { "texture": "#ceramic", "uv": [ 0.0, 0.0, 1.0, 15.0 ] },
						"south": { "texture": "#ceramic", "uv": [ 0.0, 0.0, 14.0, 15.0 ] },
						"west": { "texture": "#ceramic", "uv": [ 0.0, 0.0, 1.0, 15.0 ] },
						"up": { "texture": "#ceramic", "uv": [ 0.0, 0.0, 14.0, 1.0 ] },
						"down": { "texture": "#ceramic", "uv": [ 0.0, 0.0, 14.0, 1.0 ] }
					}
				},
				{
					"name": "WFace",
					"from": [ 0.0, 1.0, 1.0 ], 
					"to": [ 1.0, 16.0, 13.0 ], 
					"rotationOrigin": [ 0.0, 1.0, 1.0 ],
					"faces": {
						"north": { "texture": "#ceramic", "uv": [ 0.0, 0.0, 1.0, 15.0 ] },
						"east": { "texture": "#ceramic", "uv": [ 0.0, 0.0, 12.0, 15.0 ] },
						"south": { "texture": "#ceramic", "uv": [ 0.0, 0.0, 1.0, 15.0 ] },
						"west": { "texture": "#ceramic", "uv": [ 0.0, 0.0, 12.0, 15.0 ] },
						"up": { "texture": "#ceramic", "uv": [ 0.0, 0.0, 1.0, 12.0 ] },
						"down": { "texture": "#ceramic", "uv": [ 0.0, 0.0, 1.0, 12.0 ] }
					}
				},
				{
					"name": "EFace",
					"from": [ 13.0, 1.0, 1.0 ], 
					"to": [ 14.0, 16.0, 13.0 ], 
					"rotationOrigin": [ 13.0, 1.0, 1.0 ],
					"faces": {
						"north": { "texture": "#ceramic", "uv": [ 0.0, 0.0, 1.0, 15.0 ] },
						"east": { "texture": "#ceramic", "uv": [ 0.0, 0.0, 12.0, 15.0 ] },
						"south": { "texture": "#ceramic", "uv": [ 0.0, 0.0, 1.0, 15.0 ] },
						"west": { "texture": "#ceramic", "uv": [ 0.0, 0.0, 12.0, 15.0 ] },
						"up": { "texture": "#ceramic", "uv": [ 0.0, 0.0, 1.0, 12.0 ] },
						"down": { "texture": "#ceramic", "uv": [ 0.0, 0.0, 1.0, 12.0 ] }
					}
				},
				{
					"name": "SFace",
					"from": [ 0.0, 1.0, 13.0 ], 
					"to": [ 14.0, 16.0, 14.0 ], 
					"rotationOrigin": [ 0.0, 1.0, 13.0 ],
					"faces": {
						"north": { "texture": "#ceramic", "uv": [ 0.0, 0.0, 14.0, 15.0 ] },
						"east": { "texture": "#ceramic", "uv": [ 0.0, 0.0, 1.0, 15.0 ] },
						"south": { "texture": "#ceramic", "uv": [ 0.0, 0.0, 14.0, 15.0 ] },
						"west": { "texture": "#ceramic", "uv": [ 0.0, 0.0, 1.0, 15.0 ] },
						"up": { "texture": "#ceramic", "uv": [ 0.0, 0.0, 14.0, 1.0 ] },
						"down": { "texture": "#ceramic", "uv": [ 0.0, 0.0, 14.0, 1.0 ] }
					}
				},
				{
					"name": "Plate1",
					"from": [ 1.0, 2.0, 1.0 ], 
					"to": [ 13.0, 3.0, 12.0 ], 
					"rotationOrigin": [ 1.0, 2.0, 1.0 ],
					"faces": {
						"north": { "texture": "#ceramic", "uv": [ 0.0, 0.0, 12.0, 1.0 ] },
						"east": { "texture": "#ceramic", "uv": [ 0.0, 0.0, 11.0, 1.0 ] },
						"south": { "texture": "#ceramic", "uv": [ 0.0, 0.0, 12.0, 1.0 ] },
						"west": { "texture": "#ceramic", "uv": [ 0.0, 0.0, 11.0, 1.0 ] },
						"up": { "texture": "#ceramic", "uv": [ 0.0, 0.0, 12.0, 11.0 ] },
						"down": { "texture": "#ceramic", "uv": [ 0.0, 0.0, 12.0, 11.0 ] }
					}
				},
				{
					"name": "Plate2",
					"from": [ 1.0, 4.0, 1.0 ], 
					"to": [ 13.0, 5.0, 12.0 ], 
					"rotationOrigin": [ 1.0, 4.0, 1.0 ],
					"faces": {
						"north": { "texture": "#ceramic", "uv": [ 0.0, 0.0, 12.0, 1.0 ] },
						"east": { "texture": "#ceramic", "uv": [ 0.0, 0.0, 11.0, 1.0 ] },
						"south": { "texture": "#ceramic", "uv": [ 0.0, 0.0, 12.0, 1.0 ] },
						"west": { "texture": "#ceramic", "uv": [ 0.0, 0.0, 11.0, 1.0 ] },
						"up": { "texture": "#ceramic", "uv": [ 0.0, 0.0, 12.0, 11.0 ] },
						"down": { "texture": "#ceramic", "uv": [ 0.0, 0.0, 12.0, 11.0 ] }
					}
				},
				{
					"name": "Plate3",
					"from": [ 1.0, 6.0, 1.0 ], 
					"to": [ 13.0, 7.0, 12.0 ], 
					"rotationOrigin": [ 1.0, 6.0, 1.0 ],
					"faces": {
						"north": { "texture": "#ceramic", "uv": [ 0.0, 0.0, 12.0, 1.0 ] },
						"east": { "texture": "#ceramic", "uv": [ 0.0, 0.0, 11.0, 1.0 ] },
						"south": { "texture": "#ceramic", "uv": [ 0.0, 0.0, 12.0, 1.0 ] },
						"west": { "texture": "#ceramic", "uv": [ 0.0, 0.0, 11.0, 1.0 ] },
						"up": { "texture": "#ceramic", "uv": [ 0.0, 0.0, 12.0, 11.0 ] },
						"down": { "texture": "#ceramic", "uv": [ 0.0, 0.0, 12.0, 11.0 ] }
					}
				},
				{
					"name": "Plate4",
					"from": [ 1.0, 8.0, 1.0 ], 
					"to": [ 13.0, 9.0, 12.0 ], 
					"rotationOrigin": [ 1.0, 8.0, 1.0 ],
					"faces": {
						"north": { "texture": "#ceramic", "uv": [ 0.0, 0.0, 12.0, 1.0 ] },
						"east": { "texture": "#ceramic", "uv": [ 0.0, 0.0, 11.0, 1.0 ] },
						"south": { "texture": "#ceramic", "uv": [ 0.0, 0.0, 12.0, 1.0 ] },
						"west": { "texture": "#ceramic", "uv": [ 0.0, 0.0, 11.0, 1.0 ] },
						"up": { "texture": "#ceramic", "uv": [ 0.0, 0.0, 12.0, 11.0 ] },
						"down": { "texture": "#ceramic", "uv": [ 0.0, 0.0, 12.0, 11.0 ] }
					}
				},
				{
					"name": "Plate5",
					"from": [ 1.0, 10.0, 1.0 ], 
					"to": [ 13.0, 11.0, 12.0 ], 
					"rotationOrigin": [ 1.0, 10.0, 1.0 ],
					"faces": {
						"north": { "texture": "#ceramic", "uv": [ 0.0, 0.0, 12.0, 1.0 ] },
						"east": { "texture": "#ceramic", "uv": [ 0.0, 0.0, 11.0, 1.0 ] },
						"south": { "texture": "#ceramic", "uv": [ 0.0, 0.0, 12.0, 1.0 ] },
						"west": { "texture": "#ceramic", "uv": [ 0.0, 0.0, 11.0, 1.0 ] },
						"up": { "texture": "#ceramic", "uv": [ 0.0, 0.0, 12.0, 11.0 ] },
						"down": { "texture": "#ceramic", "uv": [ 0.0, 0.0, 12.0, 11.0 ] }
					}
				},
				{
					"name": "Plate6",
					"from": [ 1.0, 12.0, 1.0 ], 
					"to": [ 13.0, 13.0, 12.0 ], 
					"rotationOrigin": [ 1.0, 12.0, 1.0 ],
					"faces": {
						"north": { "texture": "#ceramic", "uv": [ 0.0, 0.0, 12.0, 1.0 ] },
						"east": { "texture": "#ceramic", "uv": [ 0.0, 0.0, 11.0, 1.0 ] },
						"south": { "texture": "#ceramic", "uv": [ 0.0, 0.0, 12.0, 1.0 ] },
						"west": { "texture": "#ceramic", "uv": [ 0.0, 0.0, 11.0, 1.0 ] },
						"up": { "texture": "#ceramic", "uv": [ 0.0, 0.0, 12.0, 11.0 ] },
						"down": { "texture": "#ceramic", "uv": [ 0.0, 0.0, 12.0, 11.0 ] }
					}
				},
				{
					"name": "Plate7-8",
					"from": [ 1.0, 14.0, 1.0 ], 
					"to": [ 13.0, 15.0, 12.0 ], 
					"rotationOrigin": [ 1.0, 14.0, 1.0 ],
					"faces": {
						"north": { "texture": "#ceramic", "uv": [ 0.0, 0.0, 12.0, 1.0 ] },
						"east": { "texture": "#ceramic", "uv": [ 0.0, 0.0, 11.0, 1.0 ] },
						"south": { "texture": "#ceramic", "uv": [ 0.0, 0.0, 12.0, 1.0 ] },
						"west": { "texture": "#ceramic", "uv": [ 0.0, 0.0, 11.0, 1.0 ] },
						"up": { "texture": "#ceramic", "uv": [ 0.0, 0.0, 12.0, 11.0 ] },
						"down": { "texture": "#ceramic", "uv": [ 0.0, 0.0, 12.0, 11.0 ] }
					}
				}
			]
		}
	]}