[
    {
        "ingredientPattern": "RCD,S__",
        "ingredients": {
            "C": { "type": "item", "code": "game:chisel-*", "isTool": true },
            "R": { "type": "block", "code": "game:rockpolished-suevite" },
            "D": { "type": "item", "code": "game:leather-*", "quantity": 2 },
            "S": { "type": "item", "code": "game:resin", "quantity": 1 }
        },
        "width": 3,
        "height": 2,
        "output": { "type": "block", "code": "game:creativeglow-79", "quantity": 1 }
    },
    {
        "ingredientPattern": "C",
        "ingredients": {
            "C": { "type": "block", "code": "game:creativeglow-79" }
        },
        "width": 1,
        "height": 1,
        "output": { "type": "block", "code": "game:creativeglow-32", "quantity": 1 }
    },
    {
        "ingredientPattern": "C",
        "ingredients": {
            "C": { "type": "block", "code": "game:creativeglow-32" }
        },
        "width": 1,
        "height": 1,
        "output": { "type": "block", "code": "game:creativeglow-33", "quantity": 1 }
    },

    {
        "ingredientPattern": "C",
        "ingredients": {
            "C": { "type": "block", "code": "game:creativeglow-33" }
        },
        "width": 1,
        "height": 1,
        "output": { "type": "block", "code": "game:creativeglow-34", "quantity": 1 }
    },
    {
        "ingredientPattern": "C",
        "ingredients": {
            "C": { "type": "block", "code": "game:creativeglow-34" }
        },
        "width": 1,
        "height": 1,
        "output": { "type": "block", "code": "game:creativeglow-35", "quantity": 1 }
    },
    {
        "ingredientPattern": "C",
        "ingredients": {
            "C": { "type": "block", "code": "game:creativeglow-35" }
        },
        "width": 1,
        "height": 1,
        "output": { "type": "block", "code": "game:creativeglow-36", "quantity": 1 }
    },
    {
        "ingredientPattern": "C",
        "ingredients": {
            "C": { "type": "block", "code": "game:creativeglow-36" }
        },
        "width": 1,
        "height": 1,
        "output": { "type": "block", "code": "game:creativeglow-37", "quantity": 1 }
    },
    {
        "ingredientPattern": "C",
        "ingredients": {
            "C": { "type": "block", "code": "game:creativeglow-37" }
        },
        "width": 1,
        "height": 1,
        "output": { "type": "block", "code": "game:creativeglow-38", "quantity": 1 }
    },
    {
        "ingredientPattern": "C",
        "ingredients": {
            "C": { "type": "block", "code": "game:creativeglow-38" }
        },
        "width": 1,
        "height": 1,
        "output": { "type": "block", "code": "game:creativeglow-39", "quantity": 1 }
    },
    {
        "ingredientPattern": "C",
        "ingredients": {
            "C": { "type": "block", "code": "game:creativeglow-39" }
        },
        "width": 1,
        "height": 1,
        "output": { "type": "block", "code": "game:creativeglow-40", "quantity": 1 }
    },
    {
        "ingredientPattern": "C",
        "ingredients": {
            "C": { "type": "block", "code": "game:creativeglow-40" }
        },
        "width": 1,
        "height": 1,
        "output": { "type": "block", "code": "game:creativeglow-41", "quantity": 1 }
    },
    {
        "ingredientPattern": "C",
        "ingredients": {
            "C": { "type": "block", "code": "game:creativeglow-41" }
        },
        "width": 1,
        "height": 1,
        "output": { "type": "block", "code": "game:creativeglow-42", "quantity": 1 }
    },
    {
        "ingredientPattern": "C",
        "ingredients": {
            "C": { "type": "block", "code": "game:creativeglow-42" }
        },
        "width": 1,
        "height": 1,
        "output": { "type": "block", "code": "game:creativeglow-43", "quantity": 1 }
    },
    {
        "ingredientPattern": "C",
        "ingredients": {
            "C": { "type": "block", "code": "game:creativeglow-43" }
        },
        "width": 1,
        "height": 1,
        "output": { "type": "block", "code": "game:creativeglow-44", "quantity": 1 }
    },
    {
        "ingredientPattern": "C",
        "ingredients": {
            "C": { "type": "block", "code": "game:creativeglow-44" }
        },
        "width": 1,
        "height": 1,
        "output": { "type": "block", "code": "game:creativeglow-45", "quantity": 1 }
    },
    {
        "ingredientPattern": "C",
        "ingredients": {
            "C": { "type": "block", "code": "game:creativeglow-45" }
        },
        "width": 1,
        "height": 1,
        "output": { "type": "block", "code": "game:creativeglow-46", "quantity": 1 }
    },
    {
        "ingredientPattern": "C",
        "ingredients": {
            "C": { "type": "block", "code": "game:creativeglow-46" }
        },
        "width": 1,
        "height": 1,
        "output": { "type": "block", "code": "game:creativeglow-47", "quantity": 1 }
    },
    {
        "ingredientPattern": "C",
        "ingredients": {
            "C": { "type": "block", "code": "game:creativeglow-47" }
        },
        "width": 1,
        "height": 1,
        "output": { "type": "block", "code": "game:creativeglow-48", "quantity": 1 }
    },
    {
        "ingredientPattern": "C",
        "ingredients": {
            "C": { "type": "block", "code": "game:creativeglow-48" }
        },
        "width": 1,
        "height": 1,
        "output": { "type": "block", "code": "game:creativeglow-49", "quantity": 1 }
    },
    {
        "ingredientPattern": "C",
        "ingredients": {
            "C": { "type": "block", "code": "game:creativeglow-49" }
        },
        "width": 1,
        "height": 1,
        "output": { "type": "block", "code": "game:creativeglow-50", "quantity": 1 }
    },
    {
        "ingredientPattern": "C",
        "ingredients": {
            "C": { "type": "block", "code": "game:creativeglow-50" }
        },
        "width": 1,
        "height": 1,
        "output": { "type": "block", "code": "game:creativeglow-51", "quantity": 1 }
    },
    {
        "ingredientPattern": "C",
        "ingredients": {
            "C": { "type": "block", "code": "game:creativeglow-51" }
        },
        "width": 1,
        "height": 1,
        "output": { "type": "block", "code": "game:creativeglow-52", "quantity": 1 }
    },
    {
        "ingredientPattern": "C",
        "ingredients": {
            "C": { "type": "block", "code": "game:creativeglow-52" }
        },
        "width": 1,
        "height": 1,
        "output": { "type": "block", "code": "game:creativeglow-53", "quantity": 1 }
    },
    {
        "ingredientPattern": "C",
        "ingredients": {
            "C": { "type": "block", "code": "game:creativeglow-53" }
        },
        "width": 1,
        "height": 1,
        "output": { "type": "block", "code": "game:creativeglow-54", "quantity": 1 }
    },
    {
        "ingredientPattern": "C",
        "ingredients": {
            "C": { "type": "block", "code": "game:creativeglow-54" }
        },
        "width": 1,
        "height": 1,
        "output": { "type": "block", "code": "game:creativeglow-55", "quantity": 1 }
    },
    {
        "ingredientPattern": "C",
        "ingredients": {
            "C": { "type": "block", "code": "game:creativeglow-55" }
        },
        "width": 1,
        "height": 1,
        "output": { "type": "block", "code": "game:creativeglow-56", "quantity": 1 }
    },
    {
        "ingredientPattern": "C",
        "ingredients": {
            "C": { "type": "block", "code": "game:creativeglow-56" }
        },
        "width": 1,
        "height": 1,
        "output": { "type": "block", "code": "game:creativeglow-57", "quantity": 1 }
    },
    {
        "ingredientPattern": "C",
        "ingredients": {
            "C": { "type": "block", "code": "game:creativeglow-57" }
        },
        "width": 1,
        "height": 1,
        "output": { "type": "block", "code": "game:creativeglow-58", "quantity": 1 }
    },
    {
        "ingredientPattern": "C",
        "ingredients": {
            "C": { "type": "block", "code": "game:creativeglow-58" }
        },
        "width": 1,
        "height": 1,
        "output": { "type": "block", "code": "game:creativeglow-59", "quantity": 1 }
    },
    {
        "ingredientPattern": "C",
        "ingredients": {
            "C": { "type": "block", "code": "game:creativeglow-59" }
        },
        "width": 1,
        "height": 1,
        "output": { "type": "block", "code": "game:creativeglow-79", "quantity": 1 }
    }
]