{
  "ingredient": 
  { 
    "type": "item", 
    "code": "clay-*", 
    "name": "type", 
    "allowedVariants": 
    [
      "blue", 
      "fire"
    ]
  },
  "pattern": 
  [[
    "################",
    "################",
    "################",
    "################",
    "################",
    "################",
    "################",
    "################",
    "################",
    "################",
    "################",
    "################",
    "################",
	"################",
	"################",
	"################"
  ],
  [
    "################",
    "##__###__###__##",
    "#____#____#____#",
    "#____#____#____#",
    "#____#____#____#",
    "#____#____#____#",
    "##__###__###__##",
    "################",    
    "################",
    "##__###__###__##",
    "#____#____#____#",
    "#____#____#____#",
    "#____#____#____#",
    "#____#____#____#",
    "##__###__###__##",
	"################"
  ]],
  "name": "Spile Mold for Expanded Foods",
  "output": 
  { 
    "type": "block", 
    "code": "game:toolmold-raw-chainlinks"
  }
}