{
  "ingredient": 
  { 
    "type": "item", 
    "code": "clay-*", 
    "name": "type", 
    "allowedVariants": 
    [
      "blue", 
      "fire"
    ]
  },
  "pattern": 
  [[
    "##############",
    "##############",
    "##############",
    "##############",
    "##############",
    "##############",
    "##############",
    "##############",
    "##############",
    "##############",
    "##############",
    "##############",
    "##############",
	"##############"
  ],
  [
    "##############",
    "##############",
    "#__#__#__#__##",
    "#__#__#__#__##",
    "#__#__#__#__##",
    "##############",
    "##############",
    "##############",
    "##############",
    "#__#__#__#__##",
    "#__#__#__#__##",
    "#__#__#__#__##",
    "##############",
	"##############"
  ],
  [
    "##############",
    "#__#__#__#__##",
    "#__#__#__#__##",
    "#__#__#__#__##",
    "#__#__#__#__##",
    "#__#__#__#__##",
    "##############",
    "##############",
    "#__#__#__#__##",
    "#__#__#__#__##",
    "#__#__#__#__##",
    "#__#__#__#__##",
    "#__#__#__#__##",
	"##############"
  ]],
  "name": "Spile Mold for Expanded Foods",
  "output": 
  { 
    "type": "block", 
    "code": "toolmold-raw-spile"
  }
}