{
	code: "creativeglow",
	shape: { base: "block/basic/cube" },
	attributes: {
		handbook: {
			exclude: true
		}
	},
	variantgroups: [
		{ code: "num", states: ["32", "33", "34", "35", "36", "37", "38", "39", "40", "41", "42", "43", "44", "45", "46", "47", "48", "49", "50", "51", "52", "53", "54", "55", "56", "57", "58", "59", "79"] }
	],
	drawtype: "cube",
	creativeinventory: { "general": ["*"], "construction": ["*"] },
	blockmaterial: "Stone",
	replaceable: 900,
	lightAbsorption: 0,
	textures: {
		all: { base: "block/creative/col{num}" },
	},
	vertexFlags: {
		glowLevel: 255,
	},
	lightHsvByType: {
		"*-32": [0, 7, 4],
		"*-33": [2, 7, 4],
		"*-34": [4, 7, 4],
		"*-35": [6, 7, 4],
		"*-36": [8, 7, 4],
		"*-37": [10, 7, 4],
		"*-38": [12, 7, 4],
		"*-39": [14, 7, 4],
		"*-40": [16, 7, 4],
		"*-41": [18, 7, 4],
		"*-42": [20, 7, 4],
		"*-43": [22, 7, 4],
		"*-44": [22, 7, 4],
		"*-45": [26, 7, 4],
		"*-46": [28, 7, 4],
		"*-47": [30, 7, 4],
		"*-48": [32, 7, 4],
		"*-49": [34, 7, 4],
		"*-50": [36, 7, 4],
		"*-51": [38, 7, 4],
		"*-52": [40, 7, 4],
		"*-53": [42, 7, 4],
		"*-54": [44, 7, 4],
		"*-55": [46, 7, 4],
		"*-56": [48, 7, 4],
		"*-57": [50, 7, 4],
		"*-58": [52, 7, 4],
		"*-59": [54, 7, 4],
		"*-79": [0, 0, 4],
	},
	resistance: 1,
	sideopaque: {
		all: true
	},
	sidesolid: {
		all: true
	}
}