[
	{  "side": "Server", "op": "replace", "path": "/attributes/quantitySlots/normal", "value": 24, "file": "blocktypes/clay/storagevessel.json" },
	{  "side": "Server", "op": "replace", "path": "/attributes/spoilSpeedMulByFoodCat/normal/vegetable", "value": 0.20, "file": "blocktypes/clay/storagevessel.json" },
	{  "side": "Server", "op": "replace", "path": "/attributes/spoilSpeedMulByFoodCat/normal/grain", "value": 0.20, "file": "blocktypes/clay/storagevessel.json" },

	{  "op": "replace", "path": "/drops", "value":
		[
			{ "type": "block", "code": "game:bloomerybase-north", "quantity": { "avg": 1 } }
		],
		"file": "game:blocktypes/clay/bloomerybase.json" },

	{  "op": "replace", "path": "/drops", "value": 
		[
			{ "type": "block", "code": "game:bloomerychimney", "quantity": { "avg": 1 } }
		],
		"file": "blocktypes/clay/bloomerychimney.json" }
]