[
	{ 
		"side": "Server", 
		"op": "replace",
		"path": "/attributes/handbook/excludeByType/*-titanium",
		"value": false,
		"file": "itemtypes/resource/metalchain.json"
	},
	{ 
		"side": "Server", 
		"op": "replace",
		"path": "/attributes/handbook/excludeByType/*-ilmenite-*",
		"value": false,
		"file": "itemtypes/resource/nugget.json"
	},	
	{ 
		"side": "Server", 
		"op": "replace",
		"path": "/attributes/handbook/excludeByType/*-titanium",
		"value": false,
		"file": "itemtypes/resource/metalbit.json"
	},
	{ 
		"side": "Server", 
		"op": "replace",
		"path": "/attributes/handbook/excludeByType/*-titanium",
		"value": false,
		"file": "itemtypes/resource/ingot.json"
	},		
	{ 
		"side": "Server", 
		"op": "add",
		"path": "/attributes/reinforcementStrengthByType/*-titanium",
		"value": 1800,
		"file": "itemtypes/resource/ingot.json"
	},
	{ 
		"side": "Server", 
		"op": "add",
		"path": "/attributes/requiresAnvilTierByType/ingot-titanium",
		"value": 3,
		"file": "itemtypes/resource/ingot.json"
	},
	{ 
		"side": "Server", 
		"op": "replace",
		"path": "/attributes/handbook/excludeByType/*-titanium",
		"value": false,
		"file": "itemtypes/resource/metalplate.json"
	},
	{ 
		"side": "Server", 
		"op": "add",
		"path": "/variantgroups/2/states/-",
		"value": "titanium",
		"file": "itemtypes/wearable/armor.json"
	},	
	{ "side": "Server", "op": "add", "path": "/skipVariants/-", "value": "armor-*-scale-titanium", "file": "itemtypes/wearable/armor.json" },	
	{ "side": "Server", "op": "add", "path": "/skipVariants/-", "value": "armor-*-plate-titanium", "file": "itemtypes/wearable/armor.json" },	
	{ "side": "Server", "op": "add", "path": "/skipVariants/-", "value": "armor-*-brigandine-titanium", "file": "itemtypes/wearable/armor.json" },
	{  
		"side": "Server", 
		"op": "add", 
		"path": "/attributes/protectionModifiersByType/armor-*-chain-titanium", 
		"value": {			
				"relativeProtection": 0.99,
				"flatDamageReduction": 4,
				"highDamageTierResistant": true,
				"protectionTier": 4	
				}, 
		"file": "itemtypes/wearable/armor.json" 
	},
	
	{ "side": "Server", "op": "replace", "path": "/attributes/footStepSoundByType/armor-body-chain-*", "value": "walk/default*", "file": "itemtypes/wearable/armor.json" },
	
	{ "side": "Server", "op": "replace", "path": "/attributes/statModifiersByType/armor-*-chain-*/rangedWeaponsAcc", "value": 0.1, "file": "itemtypes/wearable/armor.json" },
	{ "side": "Server", "op": "replace", "path": "/attributes/statModifiersByType/armor-*-chain-*/rangedWeaponsSpeed", "value": 0.1, "file": "itemtypes/wearable/armor.json" },
	{ "side": "Server", "op": "replace", "path": "/attributes/statModifiersByType/armor-*-chain-*/walkSpeed", "value": 0, "file": "itemtypes/wearable/armor.json" },
	{ "side": "Server", "op": "replace", "path": "/attributes/statModifiersByType/armor-*-chain-*/healingeffectivness", "value": 0.1, "file": "itemtypes/wearable/armor.json" },
	{ "side": "Server", "op": "replace", "path": "/attributes/statModifiersByType/armor-*-chain-*/hungerrate", "value": -0.1, "file": "itemtypes/wearable/armor.json" },
	
	{ "side": "Server", "op": "add", "path": "/durabilityByType/armor-*-chain-titanium", "value": 5000, "file": "itemtypes/wearable/armor.json" },
	
	{ "side": "Server", "op": "add", "path": "/0/ingredients/T/allowedVariants/-", "value": "titanium", "file": "recipes/grid/armor/chain.json" },
	
	

	{ "side": "Server", "op": "add", "path": "/1/ingredients/T/allowedVariants/-", "value": "titanium", "file": "recipes/grid/armor/chain.json" },
	{ "side": "Server", "op": "add", "path": "/1/ingredients/C/allowedVariants/-", "value": "titanium", "file": "recipes/grid/armor/chain.json" },
	{ "side": "Server", "op": "replace", "path": "/1/ingredients/C/quantity", "value": 1, "file": "recipes/grid/armor/chain.json" },

	{ "side": "Server", "op": "add", "path": "/2/ingredients/T/allowedVariants/-", "value": "titanium", "file": "recipes/grid/armor/chain.json" },
	{ "side": "Server", "op": "add", "path": "/2/ingredients/C/allowedVariants/-", "value": "titanium", "file": "recipes/grid/armor/chain.json" },
	{ "side": "Server", "op": "replace", "path": "/2/ingredients/C/quantity", "value": 1, "file": "recipes/grid/armor/chain.json" }	
]