[
	{  "side": "Server", "op": "replace", "path": "/maxstacksize", "value": 32, "file": "itemtypes/toolhead/bladehead.json" },
	{  "side": "Server", "op": "replace", "path": "/maxstacksize", "value": 32, "file": "itemtypes/toolhead/pickaxehead.json" },
	{  "side": "Server", "op": "replace", "path": "/maxstacksize", "value": 32, "file": "itemtypes/toolhead/prospectingpickhead.json" },
	{  "side": "Server", "op": "replace", "path": "/maxstacksize", "value": 32, "file": "itemtypes/toolhead/sawblade.json" },
	{  "side": "Server", "op": "replace", "path": "/maxstacksize", "value": 32, "file": "itemtypes/toolhead/scythehead.json" },
	{  "side": "Server", "op": "replace", "path": "/maxstacksize", "value": 32, "file": "itemtypes/toolhead/shovelhead.json" },
	{  "side": "Server", "op": "replace", "path": "/maxstacksize", "value": 32, "file": "itemtypes/toolhead/spearhead.json" },	
	{  "side": "Server", "op": "replace", "path": "/maxstacksize", "value": 32, "file": "itemtypes/toolhead/axehead.json" },	
	{  "side": "Server", "op": "replace", "path": "/maxstacksize", "value": 32, "file": "itemtypes/toolhead/hammerhead.json" },
	{  "side": "Server", "op": "replace", "path": "/maxstacksize", "value": 32, "file": "itemtypes/toolhead/hoehead.json" },	
	{  "side": "Server", "op": "replace", "path": "/maxstacksize", "value": 32, "file": "itemtypes/toolhead/knifeblade.json" }
]